protein,chain,source_file,segment_id,segment_label,segment_start_seq_index,segment_end_seq_index,segment_length,segment_start_res_i,segment_end_res_j,window_id,window_label,window_index_within_segment,window_start_offset_in_segment,window_end_offset_in_segment,window_start_seq_index,window_end_seq_index,window_center_seq_index,window_start_res_i,window_end_res_j,window_length,fft_bin,frequency_cycles_per_residue,period_residues,amplitude,power,power_fraction_nonzero
2IGF,H,2IGF_fft_data.csv,seg008,2IGF_H_seg008,200,215,16,208,226,win00000,2IGF_H_seg008_win00000,0,0,15,200,215,207.5,208,226,16,0,0.0,,8.526512829121202e-14,4.543838814073028e-28,
2IGF,H,2IGF_fft_data.csv,seg008,2IGF_H_seg008,200,215,16,208,226,win00000,2IGF_H_seg008_win00000,0,0,15,200,215,207.5,208,226,16,1,0.0625,16.0,500.6180859897365,15663.654251251703,0.1669989780447057
2IGF,H,2IGF_fft_data.csv,seg008,2IGF_H_seg008,200,215,16,208,226,win00000,2IGF_H_seg008_win00000,0,0,15,200,215,207.5,208,226,16,2,0.125,8.0,466.7967768440876,13618.701929501809,0.1451965976802968
2IGF,H,2IGF_fft_data.csv,seg008,2IGF_H_seg008,200,215,16,208,226,win00000,2IGF_H_seg008_win00000,0,0,15,200,215,207.5,208,226,16,3,0.1875,5.333333333333333,208.53842623251563,2718.0172009708976,0.028978301460771787
2IGF,H,2IGF_fft_data.csv,seg008,2IGF_H_seg008,200,215,16,208,226,win00000,2IGF_H_seg008_win00000,0,0,15,200,215,207.5,208,226,16,4,0.25,4.0,508.76982066160497,16177.920651002605,0.17248185974162952
2IGF,H,2IGF_fft_data.csv,seg008,2IGF_H_seg008,200,215,16,208,226,win00000,2IGF_H_seg008_win00000,0,0,15,200,215,207.5,208,226,16,5,0.3125,3.2,344.09011197326197,7399.875322360747,0.07889420927391384
2IGF,H,2IGF_fft_data.csv,seg008,2IGF_H_seg008,200,215,16,208,226,win00000,2IGF_H_seg008_win00000,0,0,15,200,215,207.5,208,226,16,6,0.375,2.6666666666666665,675.5284510867648,28521.168014230225,0.3040801229787856
2IGF,H,2IGF_fft_data.csv,seg008,2IGF_H_seg008,200,215,16,208,226,win00000,2IGF_H_seg008_win00000,0,0,15,200,215,207.5,208,226,16,7,0.4375,2.2857142857142856,368.7857554377213,8500.183338360675,0.09062520839193268
2IGF,H,2IGF_fft_data.csv,seg008,2IGF_H_seg008,200,215,16,208,226,win00000,2IGF_H_seg008_win00000,0,0,15,200,215,207.5,208,226,16,8,0.5,2.0,138.29765599999993,1195.3901034433948,0.012744722427964048
