plane_index_A,plane_index_B,chain,res_i_A,res_j_A,res_i_B,res_j_B,dot,angle_unsigned_deg,angle_signed_deg,dihedral_deg
0,1,A,1,2,2,3,0.171362,80.132962,80.132962,-25.168631
1,2,A,2,3,3,4,0.226867,76.887297,103.112703,-150.772395
2,3,A,3,4,4,5,0.023551,88.650490,88.650490,-85.381248
3,4,A,4,5,5,6,0.039173,87.754981,92.245019,-95.090823
4,5,A,5,6,6,7,0.220326,77.271843,102.728157,-126.660158
5,6,A,6,7,7,8,0.312776,71.773399,108.226601,178.522710
6,7,A,7,8,8,9,0.037316,87.861433,92.138567,100.058057
7,8,A,8,9,9,10,0.108433,83.775013,83.775013,67.475322
8,9,A,9,10,10,11,0.069198,86.032056,-86.032056,-55.885697
9,10,A,10,11,11,12,0.093832,84.615916,-84.615916,-21.419308
