plane_index,chain,res_i,icode_i,resname_i,res_j,icode_j,resname_j,nx,ny,nz,rms
1,A,1,,GLU,2,,LEU,0.509689,0.196856,0.837535,0.035171
2,A,2,,LEU,3,,LEU,-0.759158,0.098901,0.643349,0.015247
3,A,3,,LEU,4,,LYS,-0.195610,0.696374,-0.690508,0.002502
4,A,4,,LYS,5,,LYS,0.942752,-0.030649,-0.332082,0.006962
5,A,5,,LYS,6,,LEU,0.208356,-0.608597,0.765635,0.014296
6,A,6,,LEU,7,,LEU,-0.922854,0.318506,0.216551,0.005890
7,A,7,,LEU,8,,GLU,0.405052,0.637318,-0.655560,0.011847
8,A,8,,GLU,9,,GLU,0.887931,-0.193772,0.417171,0.012852
9,A,9,,GLU,10,,LEU,-0.278029,0.192461,0.941094,0.013889
10,A,10,,LEU,11,,LYS,0.412345,-0.834290,0.365968,0.005714
11,A,11,,LYS,12,,GLY,0.933882,0.357114,0.018272,0.002234
