protein,chain,segment_id,seg_start_seq_index,seg_end_seq_index,seg_length,dominant_freq_cycles_per_residue,helix_band_power_fraction,sheet_band_power_fraction,freq_cycles_per_residue,power,amplitude
1AL1,A,0,0,9,10,0.1,0.18978046843444038,0.024351772579876002,0.0,4.380432548853614,154.95881065689844
1AL1,A,0,0,9,10,0.1,0.18978046843444038,0.024351772579876002,0.1,4.293842794274184,140.25598325567884
1AL1,A,0,0,9,10,0.1,0.18978046843444038,0.024351772579876002,0.2,3.6797088636601014,69.15991196568893
1AL1,A,0,0,9,10,0.1,0.18978046843444038,0.024351772579876002,0.30000000000000004,1.8500607729299792,8.414540080110143
1AL1,A,0,0,9,10,0.1,0.18978046843444038,0.024351772579876002,0.4,2.6313562851202055,20.686077244003993
1AL1,A,0,0,9,10,0.1,0.18978046843444038,0.024351772579876002,0.5,2.794369703248489,24.956567417440354
