protein,chain,segment_id,seg_start_seq_index,seg_end_seq_index,seg_length,window_idx,window_center_seq_index,window_start_seq_index,window_end_seq_index,theta_arithmetic_mean,theta_variance,theta_circular_mean,theta_R,dominant_freq_cycles_per_residue,total_power,spectral_entropy,helix_band_power_fraction,sheet_band_power_fraction,inter_band_power_fraction,helix_band_peak_freq,sheet_band_peak_freq,helix_band_weighted_mean_freq,sheet_band_weighted_mean_freq,autocorr_lag_1,autocorr_lag_2,autocorr_lag_3,autocorr_lag_4,autocorr_lag_5,autocorr_lag_6,autocorr_lag_7,autocorr_lag_8,autocorr_lag_9,autocorr_lag_10
2PTN,A,0,50,106,57,0,77,50,104,-35.94739172727273,9618.271173518355,-127.15268345592975,0.3328768614833006,0.03636363636363636,26312241.276673954,2.362363147088364,0.03324694443736922,0.0016872436311369428,0.01588248331302114,0.2909090909090909,0.4727272727272727,0.2841581257511928,0.46906123663839056,0.8372469355409009,0.7073978200309525,0.5828085562452527,0.4158233276938789,0.2502210844994973,0.109348542976079,0.06554284164217182,-0.034938378329121486,-0.12797649694092963,-0.16906768567054403
2PTN,A,0,50,106,57,1,78,51,105,-32.82872729090909,9736.972410258242,-129.72934316218993,0.29950773651917045,0.03636363636363636,25216331.112315603,2.3493132983409883,0.03445180323873336,0.001677955479412628,0.01645987320892766,0.2909090909090909,0.4727272727272727,0.2851858671528288,0.4691476436208197,0.8203706592444554,0.6932545471013878,0.5592883228770541,0.39205838380832375,0.24706469574086393,0.10767020675142301,0.06119597683111367,-0.054563538549716316,-0.13146999116647445,-0.1641584853226774
2PTN,A,0,50,106,57,2,79,52,106,-33.83893821818182,9893.477743538837,-132.7381401692373,0.30542822173879053,0.03636363636363636,24643702.209641438,2.3213906481305076,0.03506983077316356,0.0016529554103813676,0.01675273081025916,0.2909090909090909,0.4727272727272727,0.28601950364581136,0.46906715682274414,0.806018336144818,0.648683931286995,0.5247038837105487,0.38110824785826275,0.24630708007638186,0.13181320160884855,0.07114693192615933,-0.05186424440194399,-0.14126877957861028,-0.17972960358757767
