protein,chain,seq_index,res_i,res_j,theta_signed,has_gap_before
1AL1,A,0,1,2,80.132962,0
1AL1,A,1,2,3,103.112703,0
1AL1,A,2,3,4,88.65049,0
1AL1,A,3,4,5,92.245019,0
1AL1,A,4,5,6,102.728157,0
1AL1,A,5,6,7,108.226601,0
1AL1,A,6,7,8,92.138567,0
1AL1,A,7,8,9,83.775013,0
1AL1,A,8,9,10,-86.032056,0
1AL1,A,9,10,11,-84.615916,0
