protein,chain,seq_index,res_i,res_j,theta_signed,has_gap_before
1UBQ,A,0,1,2,-103.809067,0
1UBQ,A,1,2,3,-137.069562,0
1UBQ,A,2,3,4,-123.135534,0
1UBQ,A,3,4,5,112.084554,0
1UBQ,A,4,5,6,-108.066653,0
1UBQ,A,5,6,7,-102.98587,0
1UBQ,A,6,7,8,106.702862,0
1UBQ,A,7,8,9,85.386697,0
1UBQ,A,8,9,10,-95.134262,0
1UBQ,A,9,10,11,-107.369141,0
1UBQ,A,10,11,12,-120.045974,0
1UBQ,A,11,12,13,-115.701716,0
1UBQ,A,12,13,14,-112.247109,0
1UBQ,A,13,14,15,-131.108685,0
1UBQ,A,14,15,16,-109.352924,0
1UBQ,A,15,16,17,-143.914055,0
1UBQ,A,16,17,18,-124.894084,0
1UBQ,A,17,18,19,112.463759,0
1UBQ,A,18,19,20,97.219964,0
1UBQ,A,19,20,21,-88.729427,0
1UBQ,A,20,21,22,-90.716628,0
1UBQ,A,21,22,23,101.764878,0
1UBQ,A,22,23,24,101.581031,0
1UBQ,A,23,24,25,93.59294,0
1UBQ,A,24,25,26,98.582279,0
1UBQ,A,25,26,27,102.80039,0
1UBQ,A,26,27,28,96.23561,0
1UBQ,A,27,28,29,98.123958,0
1UBQ,A,28,29,30,96.532126,0
1UBQ,A,29,30,31,94.835518,0
1UBQ,A,30,31,32,102.24296,0
1UBQ,A,31,32,33,76.661256,0
1UBQ,A,32,33,34,58.080551,0
1UBQ,A,33,34,35,-100.625086,0
1UBQ,A,34,35,36,-100.980906,0
1UBQ,A,35,36,37,-79.921033,0
1UBQ,A,36,37,38,106.597336,0
1UBQ,A,37,38,39,106.732488,0
1UBQ,A,38,39,40,81.275525,0
1UBQ,A,39,40,41,-110.10027,0
1UBQ,A,40,41,42,-111.787116,0
1UBQ,A,41,42,43,-113.060455,0
1UBQ,A,42,43,44,-127.922262,0
1UBQ,A,43,44,45,-130.214065,0
1UBQ,A,44,45,46,-106.911584,0
1UBQ,A,45,46,47,-107.3861,0
1UBQ,A,46,47,48,-121.157856,0
1UBQ,A,47,48,49,-95.984856,0
1UBQ,A,48,49,50,-94.753532,0
1UBQ,A,49,50,51,-110.599753,0
1UBQ,A,50,51,52,105.719153,0
1UBQ,A,51,52,53,92.739729,0
1UBQ,A,52,53,54,-93.559536,0
1UBQ,A,53,54,55,-108.010978,0
1UBQ,A,54,55,56,101.440898,0
1UBQ,A,55,56,57,104.457964,0
1UBQ,A,56,57,58,106.492499,0
1UBQ,A,57,58,59,85.030388,0
1UBQ,A,58,59,60,-97.86972,0
1UBQ,A,59,60,61,-101.228979,0
1UBQ,A,60,61,62,-104.977075,0
1UBQ,A,61,62,63,-70.98243,0
1UBQ,A,62,63,64,-103.86737,0
1UBQ,A,63,64,65,-79.585578,0
1UBQ,A,64,65,66,-121.236397,0
1UBQ,A,65,66,67,-111.81241,0
1UBQ,A,66,67,68,-113.72642,0
1UBQ,A,67,68,69,-116.072982,0
1UBQ,A,68,69,70,-114.30792,0
1UBQ,A,69,70,71,-109.552403,0
1UBQ,A,70,71,72,106.393479,0
1UBQ,A,71,72,73,-93.278294,0
1UBQ,A,72,73,74,108.990728,0
1UBQ,A,73,74,75,87.477697,0
