protein,chain,source_file,segment_id,segment_label,segment_start_seq_index,segment_end_seq_index,segment_length,segment_start_res_i,segment_end_res_j,fft_bin,frequency_cycles_per_residue,period_residues,amplitude,power,power_fraction_nonzero
1AL1,A,1AL1_fft_data.csv,seg000,1AL1_A_seg000,0,9,10,1,11,0,0.0,,5.684341886080802e-14,3.2311742677852645e-28,
1AL1,A,1AL1_fft_data.csv,seg000,1AL1_A_seg000,0,9,10,1,11,1,0.1,10.0,367.258473983343,13487.878671257382,0.5173919034407003
1AL1,A,1AL1_fft_data.csv,seg000,1AL1_A_seg000,0,9,10,1,11,2,0.2,5.0,287.91365581405023,8289.427320421139,0.31798051304284264
1AL1,A,1AL1_fft_data.csv,seg000,1AL1_A_seg000,0,9,10,1,11,3,0.30000000000000004,3.333333333333333,185.3119047911099,3434.0502057309377,0.131729370923265
1AL1,A,1AL1_fft_data.csv,seg000,1AL1_A_seg000,0,9,10,1,11,4,0.4,2.5,89.13443462446857,794.4947435823661,0.03047663444153674
1AL1,A,1AL1_fft_data.csv,seg000,1AL1_A_seg000,0,9,10,1,11,5,0.5,2.0,25.12530000000001,63.128070009000055,0.002421578151655295
