protein,chain,source_file,segment_id,segment_label,segment_start_seq_index,segment_end_seq_index,segment_length,segment_start_res_i,segment_end_res_j,fft_bin,frequency_cycles_per_residue,period_residues,amplitude,power,power_fraction_nonzero
2IGF,H,2IGF_fft_data.csv,seg001,2IGF_H_seg001,136,157,22,133,156,0,0.0,,2.842170943040401e-14,3.671788940665073e-29,
2IGF,H,2IGF_fft_data.csv,seg001,2IGF_H_seg001,136,157,22,133,156,1,0.045454545454545456,22.0,501.3528957240949,11425.214820497053,0.09327633039358713
2IGF,H,2IGF_fft_data.csv,seg001,2IGF_H_seg001,136,157,22,133,156,2,0.09090909090909091,11.0,223.6106476395112,2272.80553353462,0.018555358756670214
2IGF,H,2IGF_fft_data.csv,seg001,2IGF_H_seg001,136,157,22,133,156,3,0.13636363636363635,7.333333333333334,693.9857318824309,21891.6452752906,0.1787250716628872
2IGF,H,2IGF_fft_data.csv,seg001,2IGF_H_seg001,136,157,22,133,156,4,0.18181818181818182,5.5,104.92706252809245,500.44038412610104,0.004085633692269524
2IGF,H,2IGF_fft_data.csv,seg001,2IGF_H_seg001,136,157,22,133,156,5,0.2272727272727273,4.3999999999999995,476.83494674073125,10335.071201510727,0.08437631424696684
2IGF,H,2IGF_fft_data.csv,seg001,2IGF_H_seg001,136,157,22,133,156,6,0.2727272727272727,3.666666666666667,451.7618474453615,9276.762127602096,0.07573619776886475
2IGF,H,2IGF_fft_data.csv,seg001,2IGF_H_seg001,136,157,22,133,156,7,0.3181818181818182,3.142857142857143,688.4063571062229,21541.05965928457,0.1758628637951497
2IGF,H,2IGF_fft_data.csv,seg001,2IGF_H_seg001,136,157,22,133,156,8,0.36363636363636365,2.75,549.8967639405367,13744.838681467018,0.11221391756757339
2IGF,H,2IGF_fft_data.csv,seg001,2IGF_H_seg001,136,157,22,133,156,9,0.4090909090909091,2.444444444444444,610.601390803506,16947.00265687163,0.1383566299486513
2IGF,H,2IGF_fft_data.csv,seg001,2IGF_H_seg001,136,157,22,133,156,10,0.4545454545454546,2.1999999999999997,424.0437298084163,8173.322035901508,0.066727628198834
2IGF,H,2IGF_fft_data.csv,seg001,2IGF_H_seg001,136,157,22,133,156,11,0.5,2.0,374.63658999999996,6379.662480310366,0.0520840539685461
