protein,chain,source_file,segment_id,segment_label,segment_start_seq_index,segment_end_seq_index,segment_length,segment_start_res_i,segment_end_res_j,fft_bin,frequency_cycles_per_residue,period_residues,amplitude,power,power_fraction_nonzero
2IGF,H,2IGF_fft_data.csv,seg005,2IGF_H_seg005,178,191,14,183,198,0,0.0,,0.0,0.0,
2IGF,H,2IGF_fft_data.csv,seg005,2IGF_H_seg005,178,191,14,183,198,1,0.07142857142857142,14.0,335.76652981974155,8052.797324799385,0.09245920150408879
2IGF,H,2IGF_fft_data.csv,seg005,2IGF_H_seg005,178,191,14,183,198,2,0.14285714285714285,7.0,425.3252615045348,12921.541290992924,0.14836029540791673
2IGF,H,2IGF_fft_data.csv,seg005,2IGF_H_seg005,178,191,14,183,198,3,0.21428571428571427,4.666666666666667,350.90090588468263,8795.103267906492,0.1009820802011672
2IGF,H,2IGF_fft_data.csv,seg005,2IGF_H_seg005,178,191,14,183,198,4,0.2857142857142857,3.5,294.06764827312884,6176.8415543491865,0.0709201802674983
2IGF,H,2IGF_fft_data.csv,seg005,2IGF_H_seg005,178,191,14,183,198,5,0.3571428571428571,2.8000000000000003,337.91750835283386,8156.303032241967,0.09364761525340606
2IGF,H,2IGF_fft_data.csv,seg005,2IGF_H_seg005,178,191,14,183,198,6,0.42857142857142855,2.3333333333333335,328.43270340297687,7704.860047470555,0.08846431605772848
2IGF,H,2IGF_fft_data.csv,seg005,2IGF_H_seg005,178,191,14,183,198,7,0.5,2.0,702.8764570000001,35288.23670034807,0.40516631130819447
