protein,chain,source_file,segment_id,segment_label,segment_start_seq_index,segment_end_seq_index,segment_length,segment_start_res_i,segment_end_res_j,fft_bin,frequency_cycles_per_residue,period_residues,amplitude,power,power_fraction_nonzero
2IGF,H,2IGF_fft_data.csv,seg004,2IGF_H_seg004,168,177,10,171,183,0,0.0,,0.0,0.0,
2IGF,H,2IGF_fft_data.csv,seg004,2IGF_H_seg004,168,177,10,171,183,1,0.1,10.0,427.08924685899683,18240.522478258514,0.3631313170441417
2IGF,H,2IGF_fft_data.csv,seg004,2IGF_H_seg004,168,177,10,171,183,2,0.2,5.0,121.72722455803371,1481.7517198601965,0.02949863164317795
2IGF,H,2IGF_fft_data.csv,seg004,2IGF_H_seg004,168,177,10,171,183,3,0.30000000000000004,3.333333333333333,347.2179808170711,12056.032620268397,0.24001083351331576
2IGF,H,2IGF_fft_data.csv,seg004,2IGF_H_seg004,168,177,10,171,183,4,0.4,2.5,364.4824264595497,13284.743919784105,0.26447195040248267
2IGF,H,2IGF_fft_data.csv,seg004,2IGF_H_seg004,168,177,10,171,183,5,0.5,2.0,227.33567899999997,5168.151094639103,0.10288726739688198
