protein,chain,source_file,segment_id,segment_label,segment_start_seq_index,segment_end_seq_index,segment_length,segment_start_res_i,segment_end_res_j,fft_bin,frequency_cycles_per_residue,period_residues,amplitude,power,power_fraction_nonzero
2PTN,A,2PTN_fft_data.csv,seg008,2PTN_A_seg008,187,208,22,222,244,0,0.0,,2.5579538487363607e-13,2.974149041938709e-27,
2PTN,A,2PTN_fft_data.csv,seg008,2PTN_A_seg008,187,208,22,222,244,1,0.045454545454545456,22.0,998.5939316785569,45326.81092660175,0.5035344098289238
2PTN,A,2PTN_fft_data.csv,seg008,2PTN_A_seg008,187,208,22,222,244,2,0.09090909090909091,11.0,585.6966280983622,15592.751825717784,0.17321949035606513
2PTN,A,2PTN_fft_data.csv,seg008,2PTN_A_seg008,187,208,22,222,244,3,0.13636363636363635,7.333333333333334,287.90436819929585,3767.67841946526,0.04185504540442299
2PTN,A,2PTN_fft_data.csv,seg008,2PTN_A_seg008,187,208,22,222,244,4,0.18181818181818182,5.5,359.1746220669206,5863.927688041603,0.0651422261420253
2PTN,A,2PTN_fft_data.csv,seg008,2PTN_A_seg008,187,208,22,222,244,5,0.2272727272727273,4.3999999999999995,171.2934894301556,1333.7027055072194,0.014816070025140097
2PTN,A,2PTN_fft_data.csv,seg008,2PTN_A_seg008,187,208,22,222,244,6,0.2727272727272727,3.666666666666667,117.65086404290707,629.1693550019365,0.006989426641251168
2PTN,A,2PTN_fft_data.csv,seg008,2PTN_A_seg008,187,208,22,222,244,7,0.3181818181818182,3.142857142857143,279.11658926110977,3541.185018216139,0.039338935870204934
2PTN,A,2PTN_fft_data.csv,seg008,2PTN_A_seg008,187,208,22,222,244,8,0.36363636363636365,2.75,317.54992458643386,4583.543391129538,0.05091846898549741
2PTN,A,2PTN_fft_data.csv,seg008,2PTN_A_seg008,187,208,22,222,244,9,0.4090909090909091,2.444444444444444,142.91437375475863,928.3871920779474,0.01031343011562602
2PTN,A,2PTN_fft_data.csv,seg008,2PTN_A_seg008,187,208,22,222,244,10,0.4545454545454546,2.1999999999999997,278.6237480575849,3528.6905900752977,0.039200135580234476
2PTN,A,2PTN_fft_data.csv,seg008,2PTN_A_seg008,187,208,22,222,244,11,0.5,2.0,329.047246,4921.458640917477,0.054672361050608555
