protein,chain,source_file,segment_id,segment_label,segment_start_seq_index,segment_end_seq_index,segment_length,segment_start_res_i,segment_end_res_j,fft_bin,frequency_cycles_per_residue,period_residues,amplitude,power,power_fraction_nonzero
2PTN,A,2PTN_fft_data.csv,seg000,2PTN_A_seg000,0,18,19,16,37,0,0.0,,8.526512829121202e-14,3.8263905802720234e-28,
2PTN,A,2PTN_fft_data.csv,seg000,2PTN_A_seg000,0,18,19,16,37,1,0.05263157894736842,19.0,698.0437611365171,25645.531182190258,0.2800786688618014
2PTN,A,2PTN_fft_data.csv,seg000,2PTN_A_seg000,0,18,19,16,37,2,0.10526315789473684,9.5,301.19456453530773,4774.640300295456,0.05214455844569693
2PTN,A,2PTN_fft_data.csv,seg000,2PTN_A_seg000,0,18,19,16,37,3,0.15789473684210525,6.333333333333334,751.0327142838645,29686.849364452046,0.32421450714464906
2PTN,A,2PTN_fft_data.csv,seg000,2PTN_A_seg000,0,18,19,16,37,4,0.21052631578947367,4.75,394.1700570872545,8177.370205482604,0.08930627896419806
2PTN,A,2PTN_fft_data.csv,seg000,2PTN_A_seg000,0,18,19,16,37,5,0.2631578947368421,3.8000000000000003,269.08863003487977,3810.983727055179,0.04162032136300021
2PTN,A,2PTN_fft_data.csv,seg000,2PTN_A_seg000,0,18,19,16,37,6,0.3157894736842105,3.166666666666667,505.6880308230387,13458.967606193817,0.14698739147250253
2PTN,A,2PTN_fft_data.csv,seg000,2PTN_A_seg000,0,18,19,16,37,7,0.3684210526315789,2.7142857142857144,140.7799502759556,1043.1049684052912,0.011391904849175917
2PTN,A,2PTN_fft_data.csv,seg000,2PTN_A_seg000,0,18,19,16,37,8,0.42105263157894735,2.375,188.21814972811146,1864.530099319673,0.02036281114866799
2PTN,A,2PTN_fft_data.csv,seg000,2PTN_A_seg000,0,18,19,16,37,9,0.47368421052631576,2.111111111111111,242.8293695086623,3103.479089261813,0.03389355775030777
