protein,chain,source_file,segment_id,segment_label,segment_start_seq_index,segment_end_seq_index,segment_length,segment_start_res_i,segment_end_res_j,fft_bin,frequency_cycles_per_residue,period_residues,amplitude,power,power_fraction_nonzero
2PTN,A,2PTN_fft_data.csv,seg006,2PTN_A_seg006,162,177,16,189,209,0,0.0,,1.4210854715202004e-14,1.262177448353619e-29,
2PTN,A,2PTN_fft_data.csv,seg006,2PTN_A_seg006,162,177,16,189,209,1,0.0625,16.0,324.69475232271515,6589.167636619333,0.17752660414296625
2PTN,A,2PTN_fft_data.csv,seg006,2PTN_A_seg006,162,177,16,189,209,2,0.125,8.0,124.27661512659589,965.2923167077525,0.026007088670511543
2PTN,A,2PTN_fft_data.csv,seg006,2PTN_A_seg006,162,177,16,189,209,3,0.1875,5.333333333333333,391.29994888996663,9569.728125080655,0.25782943010517173
2PTN,A,2PTN_fft_data.csv,seg006,2PTN_A_seg006,162,177,16,189,209,4,0.25,4.0,283.09298442626095,5008.852364460452,0.13494945036371092
2PTN,A,2PTN_fft_data.csv,seg006,2PTN_A_seg006,162,177,16,189,209,5,0.3125,3.2,142.1513002619412,1262.9370103850354,0.034026288457756855
2PTN,A,2PTN_fft_data.csv,seg006,2PTN_A_seg006,162,177,16,189,209,6,0.375,2.6666666666666665,297.4342832960865,5529.19705499104,0.1489686757026359
2PTN,A,2PTN_fft_data.csv,seg006,2PTN_A_seg006,162,177,16,189,209,7,0.4375,2.2857142857142856,359.60926699817907,8082.4265569354775,0.21775826918008878
2PTN,A,2PTN_fft_data.csv,seg006,2PTN_A_seg006,162,177,16,189,209,8,0.5,2.0,41.74340900000006,108.90701218383036,0.002934193377157966
